{
  "web": {
    "client_id": "257799395342-8sbifabn7fjr9lfjbclr3c4lenkvu64j.apps.googleusercontent.com",
    "project_id": "ferrous-quest-408115",
    "auth_uri": "https://accounts.google.com/o/oauth2/auth",
    "token_uri": "https://oauth2.googleapis.com/token",
    "auth_provider_x509_cert_url": "https://www.googleapis.com/oauth2/v1/certs",
    "client_secret": "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",
    "redirect_uris": [
      "http://127.0.0.1:8000/",
      "http://127.0.0.1:8000/accounts/google/login/callback/"
    ]
  }
}
